localidade,region,monitoring_cycle,cycle_factor,cycle_index,effort_minutes,effort_hours,n_sampling_dates,n_positive,sum_raiw_weights,extent_m,Uni100m,n_records_without_depth,denominator,dpue,rai_w,positive_percentage
COSTAO DO SACO DAGUA,REBIO,2022/2023,2022/2023,1,50,0.8333333333333334,1,0,0,433.933,4.33933,0,3.616108333333334,0,0,0
COSTAO DO SACO DAGUA,REBIO,2023/2024,2023/2024,2,160,2.6666666666666665,1,3,1.9000000000000001,433.933,4.33933,0,11.571546666666666,0.2592566133481436,0.16419585512049098,1.875
COSTAO DO SACO DAGUA,REBIO,2024/2025,2024/2025,3,99,1.65,1,3,1.6400000000000001,433.933,4.33933,0,7.1598945,0.419000587229323,0.22905365435202993,3.0303030303030303
ENGENHO,NEAR_REBIO,2022/2023,2022/2023,1,30,0.5,1,1,0.1,430.834,4.30834,0,2.15417,0.4642159161068996,0.04642159161068996,3.3333333333333335
ENGENHO,NEAR_REBIO,2023/2024,2023/2024,2,87,1.45,1,13,6.68,430.834,4.30834,0,6.2470930000000005,2.0809678997895498,1.0692973515841686,14.942528735632184
ENGENHO,NEAR_REBIO,2024/2025,2024/2025,3,247,4.116666666666666,1,58,24.48,430.834,4.30834,0,17.735999666666665,3.2701849960567024,1.3802435983356565,23.481781376518217
FAROL,NEAR_REBIO,2022/2023,2022/2023,1,186,3.1,1,7,2.92,561.107,5.61107,0,17.394317,0.4024302880072842,0.1678709201401814,3.763440860215054
FAROL,NEAR_REBIO,2023/2024,2023/2024,2,132,2.2,1,2,0.64,561.107,5.61107,0,12.344354000000001,0.16201738867825727,0.051845564377042325,1.5151515151515151
FAROL,NEAR_REBIO,2024/2025,2024/2025,3,125,2.0833333333333335,1,3,0.30000000000000004,561.107,5.61107,0,11.689729166666668,0.2566355436663595,0.025663554366635956,2.4
LETREIRO,REBIO,2022/2023,2022/2023,1,120,2,1,0,0,471.629,4.71629,0,9.43258,0,0,0
LETREIRO,REBIO,2023/2024,2023/2024,2,206,3.433333333333333,2,0,0,471.629,4.71629,0,16.192595666666666,0,0,0
LETREIRO,REBIO,2024/2025,2024/2025,3,63,1.05,1,1,0.04,471.629,4.71629,0,4.9521045,0.2019343493256251,0.008077373973025005,1.5873015873015872
RANCHO NORTE,REBIO,2022/2023,2022/2023,1,105,1.75,2,1,0.04,702.405,7.02405,0,12.2920875,0.08135314689225895,0.003254125875690358,0.9523809523809523
RANCHO NORTE,REBIO,2023/2024,2023/2024,2,123,2.05,1,6,0.7999999999999999,702.405,7.02405,60,14.3993025,0.41668684993596045,0.05555824665812806,4.878048780487805
RANCHO NORTE,REBIO,2024/2025,2024/2025,3,48,0.8,1,14,5.34,702.405,7.02405,0,5.6192400000000005,2.4914401235754298,0.9503064471351996,29.166666666666668
SACO DAGUA,REBIO,2022/2023,2022/2023,1,60,1,1,0,0,558.439,5.58439,0,5.58439,0,0,0
SACO DAGUA,REBIO,2023/2024,2023/2024,2,224,3.7333333333333334,1,0,0,558.439,5.58439,0,20.848389333333333,0,0,0
SACO DAGUA,REBIO,2024/2025,2024/2025,3,116,1.9333333333333333,1,0,0,558.439,5.58439,0,10.796487333333333,0,0,0
VIDAL,NEAR_REBIO,2022/2023,2022/2023,1,138,2.3,1,6,2.18,391.929,3.9192899999999997,0,9.014366999999998,0.6656041405902379,0.2418361710811198,4.3478260869565215
VIDAL,NEAR_REBIO,2023/2024,2023/2024,2,65,1.0833333333333333,1,7,2.16,391.929,3.9192899999999997,0,4.245897499999999,1.6486502559235123,0.5087263646849696,10.76923076923077
VIDAL,NEAR_REBIO,2024/2025,2024/2025,3,120,2,1,3,1.24,391.929,3.9192899999999997,0,7.838579999999999,0.38272238083938676,0.1581919174136132,2.5
