model,term,estimate,std.error,statistic,p.value,conf.low,conf.high,n_observations,r_squared,adjusted_r_squared
DPUE_cycle_locality,(Intercept),-0.16085441493014108,0.2433546043346588,-0.6609877605148399,0.5201628191641603,-0.6865900745406421,0.36488124468036,21,0.683696518963361,0.5133792599436323
DPUE_cycle_locality,cycle_index,0.1771729357077278,0.08266344889244366,2.1433044239208283,0.05158294127498884,-0.001410588314621375,0.35575645973007697,21,0.683696518963361,0.5133792599436323
DPUE_cycle_locality,factor(localidade)ENGENHO,0.7925821568634395,0.25254100783715794,3.1384295313120307,0.00784444220182157,0.24700047906051925,1.3381638346663598,21,0.683696518963361,0.5133792599436323
DPUE_cycle_locality,factor(localidade)FAROL,0.04544261704383606,0.25254100783715794,0.179941536754847,0.8599730492663846,-0.5001390607590842,0.5910242948467562,21,0.683696518963361,0.5133792599436323
DPUE_cycle_locality,factor(localidade)LETREIRO,-0.13218071756669159,0.2525410078371578,-0.5234029859100098,0.6095005303391181,-0.6777623953696116,0.4134009602362284,21,0.683696518963361,0.5133792599436323
DPUE_cycle_locality,factor(localidade)RANCHO NORTE,0.36545801212238094,0.2525410078371578,1.4471234404751947,0.1715436360943565,-0.18012366568053906,0.9110396899253009,21,0.683696518963361,0.5133792599436323
DPUE_cycle_locality,factor(localidade)SACO DAGUA,-0.19349145648531463,0.2525410078371578,-0.7661783650205466,0.4572575744423538,-0.7390731342882346,0.35209022131760537,21,0.683696518963361,0.5133792599436323
DPUE_cycle_locality,factor(localidade)VIDAL,0.4092726679437317,0.2525410078371578,1.6206186529818427,0.12909129277758077,-0.1363090098591883,0.9548543457466516,21,0.683696518963361,0.5133792599436323
RAIW_cycle_locality,(Intercept),-0.09504354696367398,0.16465994305401838,-0.5772111006530226,0.5736576806361893,-0.4507697269125235,0.26068263298517547,21,0.592610108290709,0.3732463204472446
RAIW_cycle_locality,cycle_index,0.1072342871679451,0.05593220158908655,1.9172191353338142,0.07745004962561798,-0.013599888032075833,0.22806846236796602,21,0.592610108290709,0.3732463204472446
RAIW_cycle_locality,factor(localidade)ENGENHO,0.42717106474583466,0.1708756983783458,2.4998935998494676,0.026594118235666108,0.058016561818066525,0.7963255676736027,21,0.592610108290709,0.3732463204472446
RAIW_cycle_locality,factor(localidade)FAROL,-0.0424022141765606,0.17087569837834576,-0.2481465449971441,0.807897671498429,-0.4115567171043287,0.3267522887512075,21,0.592610108290709,0.3732463204472446
RAIW_cycle_locality,factor(localidade)LETREIRO,-0.11674338517316267,0.17087569837834568,-0.6832064844860177,0.5064706832008623,-0.4858978881009306,0.25241111775460523,21,0.592610108290709,0.3732463204472446
RAIW_cycle_locality,factor(localidade)RANCHO NORTE,0.122343347962659,0.17087569837834568,0.7159786272929903,0.4866672205810513,-0.24681115496510891,0.4914978508904269,21,0.592610108290709,0.3732463204472446
RAIW_cycle_locality,factor(localidade)SACO DAGUA,-0.11942502737221639,0.17087569837834568,-0.6989000103911241,0.49692865455170043,-0.4885795302999843,0.24972947555555153,21,0.592610108290709,0.3732463204472446
RAIW_cycle_locality,factor(localidade)VIDAL,0.13881397012458746,0.17087569837834568,0.8123681216344263,0.4312058621157365,-0.23034053280318045,0.5079684730523554,21,0.592610108290709,0.3732463204472446
DPUE_cycle_effort_locality,(Intercept),-0.26342051805126304,0.6654775472512006,-0.3958368229541914,0.6991729072996774,-1.7133715358576578,1.1865304997551318,21,0.6844267447943424,0.47404457465723726
DPUE_cycle_effort_locality,cycle_index,0.17469956240308587,0.08721184787252154,2.0031631786823967,0.06827499216410755,-0.015318730640550643,0.3647178554467224,21,0.6844267447943424,0.47404457465723726
DPUE_cycle_effort_locality,log1p(effort_minutes),0.023684026379055922,0.142130214722434,0.16663611199988995,0.8704312532837968,-0.2859911089415413,0.33335916169965313,21,0.6844267447943424,0.47404457465723726
DPUE_cycle_effort_locality,factor(localidade)ENGENHO,0.7941109403866439,0.26270966842692,3.022770136865168,0.010608165953712412,0.22171574434044694,1.3665061364328408,21,0.6844267447943424,0.47404457465723726
DPUE_cycle_effort_locality,factor(localidade)FAROL,0.034868966611015975,0.27010840737757597,0.12909248901043555,0.8994229320177571,-0.5536466967842287,0.6233846300062608,21,0.6844267447943424,0.47404457465723726
DPUE_cycle_effort_locality,factor(localidade)LETREIRO,-0.13746219417489375,0.2644555779287115,-0.519793135964593,0.6126618648453913,-0.7136614002430317,0.43873701189324427,21,0.6844267447943424,0.47404457465723726
DPUE_cycle_effort_locality,factor(localidade)RANCHO NORTE,0.3673753068930086,0.2628014189618827,1.3979197994600385,0.1874418694952147,-0.20521979639589388,0.9399704101819111,21,0.6844267447943424,0.47404457465723726
DPUE_cycle_effort_locality,factor(localidade)SACO DAGUA,-0.19878679439853542,0.2644655602107687,-0.7516547494505905,0.4667456265857819,-0.7750077499908892,0.37743416119381834,21,0.6844267447943424,0.47404457465723726
DPUE_cycle_effort_locality,factor(localidade)VIDAL,0.40689227300125014,0.2629377520948519,1.5474851738082414,0.14770287124866827,-0.16599987466687433,0.9797844206693747,21,0.6844267447943424,0.47404457465723726
RAIW_cycle_effort_locality,(Intercept),-0.40133032572330674,0.4405473714634998,-0.9109810924307324,0.3802410748799572,-1.3612005907441542,0.5585399392975409,21,0.6109296866002715,0.3515494776671191
RAIW_cycle_effort_locality,cycle_index,0.09984820620068607,0.05773440516425277,1.729440286370332,0.10934355505351434,-0.025944256484393746,0.2256406688857659,21,0.6109296866002715,0.3515494776671191
RAIW_cycle_effort_locality,log1p(effort_minutes),0.07072613589630808,0.09409046595207748,0.7516822791836378,0.4667296742128647,-0.13427937846944588,0.27573165026206203,21,0.6109296866002715,0.3515494776671191
RAIW_cycle_effort_locality,factor(localidade)ENGENHO,0.4317363759597169,0.17391428811021906,2.482466395665558,0.028827486292123377,0.052809693762728926,0.8106630581567049,21,0.6109296866002715,0.3515494776671191
RAIW_cycle_effort_locality,factor(localidade)FAROL,-0.0739776492593815,0.17881226702824513,-0.41371685784676066,0.6863795763317034,-0.4635761107624043,0.3156208122436413,21,0.6109296866002715,0.3515494776671191
RAIW_cycle_effort_locality,factor(localidade)LETREIRO,-0.13251513049832508,0.17507008344096225,-0.7569261857524179,0.4636972744920942,-0.5139600743904058,0.2489298133937557,21,0.6109296866002715,0.3515494776671191
RAIW_cycle_effort_locality,factor(localidade)RANCHO NORTE,0.1280688461668236,0.17397502713466118,0.7361335030440604,0.47579381766166196,-0.2509901749958804,0.5071278673295275,21,0.6109296866002715,0.3515494776671191
RAIW_cycle_effort_locality,factor(localidade)SACO DAGUA,-0.13523816585100673,0.17507669173021212,-0.772451001412596,0.4547926361674549,-0.5166975079684872,0.24622117626647377,21,0.6109296866002715,0.3515494776671191
RAIW_cycle_effort_locality,factor(localidade)VIDAL,0.13170554466118226,0.1740652799217327,0.7566445457727283,0.4638598233965928,-0.2475501204319064,0.510961209754271,21,0.6109296866002715,0.3515494776671191
