localidade,region,faixa_bat_depth,effort_minutes,detection_frequency,detection_frequency_lower,detection_frequency_upper,mean_raiw_weight,raiw_weight_lower,raiw_weight_upper
DESERTA NORTE,REBIO,0-2m,30,0,0,0,0,0,0
DESERTA NORTE,REBIO,2.1-8m,30,0.016666666666666666,0,0.03333333333333333,6.666666666666666e-4,0,0.0013333333333333333
DESERTA NORTE,REBIO,8.1-14m,30,0,0,0,0,0,0
FAROL,ADJACENT_REBIO,0-2m,30,0,0,0,0,0,0
FAROL,ADJACENT_REBIO,2.1-8m,30,0.03333333333333333,0.03333333333333333,0.03333333333333333,0.0033333333333333335,0.0033333333333333335,0.0033333333333333335
FAROL,ADJACENT_REBIO,8.1-14m,30,0.03333333333333333,0,0.06666666666666667,0.0033333333333333335,0,0.006666666666666667
MATA FOME,SURROUNDINGS,0-2m,30,0,0,0,0,0,0
MATA FOME,SURROUNDINGS,2.1-8m,30,0,0,0,0,0,0
MATA FOME,SURROUNDINGS,8.1-14m,30,0,0,0,0,0,0
SACO DO CAPIM,ADJACENT_REBIO,0-2m,30,0,0,0,0,0,0
SACO DO CAPIM,ADJACENT_REBIO,2.1-8m,30,0,0,0,0,0,0
SACO DO CAPIM,ADJACENT_REBIO,8.1-14m,30,0,0,0,0,0,0
VIDAL,ADJACENT_REBIO,0-2m,30,0,0,0,0,0,0
VIDAL,ADJACENT_REBIO,2.1-8m,30,0.03333333333333333,0.03333333333333333,0.03333333333333333,0.02,0.02,0.02
VIDAL,ADJACENT_REBIO,8.1-14m,30,0.03333333333333333,0,0.06666666666666667,0.02,0,0.021333333333333333
