localidade,region,faixa_bat_depth,effort_minutes
DESERTA NORTE,REBIO,0-2m,30
DESERTA NORTE,REBIO,2.1-8m,60
DESERTA NORTE,REBIO,8.1-14m,55
FAROL,ADJACENT_REBIO,0-2m,33
FAROL,ADJACENT_REBIO,2.1-8m,30
FAROL,ADJACENT_REBIO,8.1-14m,62
MATA FOME,SURROUNDINGS,0-2m,83
MATA FOME,SURROUNDINGS,2.1-8m,36
MATA FOME,SURROUNDINGS,8.1-14m,115
SACO DO CAPIM,ADJACENT_REBIO,0-2m,31
SACO DO CAPIM,ADJACENT_REBIO,2.1-8m,46
SACO DO CAPIM,ADJACENT_REBIO,8.1-14m,54
VIDAL,ADJACENT_REBIO,0-2m,44
VIDAL,ADJACENT_REBIO,2.1-8m,30
VIDAL,ADJACENT_REBIO,8.1-14m,46
