row_id,localidade,data,calendar_year,region,obs,faixa_bat,dafor,dafor_id,exclusion_reason
3664,ENGENHO,2012-12-16,2012,NEAR_REBIO,estimado dos dados do ICMBio,Na,6,95,Estimated ICMBio data
3665,ENGENHO,2012-12-16,2012,NEAR_REBIO,estimado dos dados do ICMBio,Na,6,95,Estimated ICMBio data
3666,ENGENHO,2012-12-16,2012,NEAR_REBIO,estimado dos dados do ICMBio,Na,6,95,Estimated ICMBio data
3667,ENGENHO,2012-12-16,2012,NEAR_REBIO,estimado dos dados do ICMBio,Na,6,95,Estimated ICMBio data
3668,ENGENHO,2012-12-16,2012,NEAR_REBIO,estimado dos dados do ICMBio,Na,0,95,Estimated ICMBio data
3669,ENGENHO,2012-12-16,2012,NEAR_REBIO,estimado dos dados do ICMBio,Na,6,95,Estimated ICMBio data
3670,ENGENHO,2012-12-16,2012,NEAR_REBIO,estimado dos dados do ICMBio,Na,6,95,Estimated ICMBio data
3671,ENGENHO,2012-12-16,2012,NEAR_REBIO,estimado dos dados do ICMBio,Na,6,95,Estimated ICMBio data
3672,ENGENHO,2012-12-16,2012,NEAR_REBIO,estimado dos dados do ICMBio,Na,6,95,Estimated ICMBio data
3673,ENGENHO,2012-12-16,2012,NEAR_REBIO,estimado dos dados do ICMBio,Na,6,95,Estimated ICMBio data
3674,FAROL,2013-04-11,2013,NEAR_REBIO,estimado dos dados do ICMBio,Na,6,96,Estimated ICMBio data
3657,RANCHO NORTE,2014-03-12,2014,REBIO,estimado dos dados do ICMBio,Na,6,91,Estimated ICMBio data
3658,RANCHO NORTE,2014-03-12,2014,REBIO,estimado dos dados do ICMBio,Na,6,91,Estimated ICMBio data
3659,RANCHO NORTE,2014-03-12,2014,REBIO,estimado dos dados do ICMBio,Na,6,91,Estimated ICMBio data
3660,RANCHO NORTE,2014-03-12,2014,REBIO,estimado dos dados do ICMBio,Na,6,91,Estimated ICMBio data
3675,VIDAL,2014-03-12,2014,NEAR_REBIO,estimado dos dados do ICMBio,Na,6,97,Estimated ICMBio data
3676,VIDAL,2014-03-12,2014,NEAR_REBIO,estimado dos dados do ICMBio,Na,6,97,Estimated ICMBio data
3652,NAUFRAGIO DO LILI,2015-02-25,2015,REBIO,estimado dos dados do ICMBio,Na,0,89,Estimated ICMBio data
3653,NAUFRAGIO DO LILI,2015-02-25,2015,REBIO,estimado dos dados do ICMBio,Na,0,89,Estimated ICMBio data
3654,NAUFRAGIO DO LILI,2015-02-25,2015,REBIO,estimado dos dados do ICMBio,Na,6,89,Estimated ICMBio data
3655,NAUFRAGIO DO LILI,2015-02-25,2015,REBIO,estimado dos dados do ICMBio,Na,0,89,Estimated ICMBio data
3662,SACO DO CAPIM,2019-11-08,2019,NEAR_REBIO,estimado dos dados do ICMBio,Na,6,93,Estimated ICMBio data
3656,SACO DAGUA,2020-11-27,2020,REBIO,estimado dos dados do ICMBio,Na,6,90,Estimated ICMBio data
3663,SACO DO BATISMO,2021-01-27,2021,NEAR_REBIO,estimado dos dados do ICMBio,Na,6,94,Estimated ICMBio data
3677,DESERTA NORTE,2022-02-22,2022,REBIO,estimado dos dados do ICMBio,Na,6,98,Estimated ICMBio data
3661,PEDRA DO ELEFANTE,2022-06-24,2022,REBIO,estimado dos dados do ICMBio,Na,6,92,Estimated ICMBio data
