localidade,stacked_dpue,stacked_raiw,pooled_dpue,pooled_raiw,dpue_difference,raiw_difference
BAIA DAS TARTARUGAS,0.111773280865465,0.0357674498769488,0.111773280865465,0.0357674498769488,0,0
COSTAO DO SACO DAGUA,0.268485813176071,0.15840662977388192,0.268485813176071,0.1584066297738819,0,2.7755575615628914e-17
DESERTA NORTE,0.046652517424656946,0.0018661006969862778,0.046652517424656946,0.0018661006969862778,0,0
DESERTA SUL,0.5927371326400482,0.07853767007480639,0.5927371326400482,0.0785376700748064,0,-1.3877787807814457e-17
ENGENHO,2.7546878538211623,1.1959936432006881,2.7546878538211623,1.1959936432006881,0,0
ENSEADA DO LILI,0.2523432435885102,0.020187459487080815,0.2523432435885102,0.020187459487080815,0,0
FAROL,0.2896563698265909,0.09317279896088672,0.2896563698265909,0.09317279896088673,0,-1.3877787807814457e-17
LETREIRO,0.032704020584869875,0.001308160823394795,0.032704020584869875,0.001308160823394795,0,0
NAUFRAGIO DO LILI,22.757673761160742,2.2757673761160744,22.757673761160742,2.2757673761160744,0,0
PEDRA DO ELEFANTE,2.6245430998531045,0.7296229817591631,2.6245430998531045,0.7296229817591631,0,0
RANCHO NORTE,0.6499409018022861,0.19126832253038709,0.6499409018022863,0.19126832253038709,-1.1102230246251565e-16,0
SACO DO BATISMO,0.1141453958940912,0.009131631671527297,0.1141453958940912,0.009131631671527297,0,0
SACO DO CAPIM,0.036113356358727824,0.001444534254349113,0.036113356358727824,0.001444534254349113,0,0
SAQUINHO DAGUA,0.3773701202112518,0.015094804808450074,0.3773701202112518,0.015094804808450074,0,0
VIDAL,0.7583353676074536,0.2644694594530994,0.7583353676074537,0.26446945945309946,-1.1102230246251565e-16,-5.551115123125783e-17
