region,localidade,depth_stratum,effort_minutes
REBIO,COSTA DO ELEFANTE,2.1-8m,130
REBIO,COSTAO DO SACO DAGUA,0-2m,98
REBIO,COSTAO DO SACO DAGUA,8.1-14m,55
REBIO,COSTAO DO SACO DAGUA,14.1m+,106
REBIO,COSTAO DO SACO DAGUA,NA,50
REBIO,DESERTA NORTE,0-2m,30
REBIO,DESERTA NORTE,2.1-8m,120
REBIO,DESERTA NORTE,8.1-14m,93
REBIO,DESERTA SUL,0-2m,30
REBIO,DESERTA SUL,2.1-8m,41
REBIO,DESERTA SUL,8.1-14m,75
REBIO,DESERTA SUL,14.1m+,42
REBIO,ENSEADA DO LILI,2.1-8m,94
REBIO,ENSEADA DO LILI,8.1-14m,131
REBIO,LETREIRO,0-2m,26
REBIO,LETREIRO,2.1-8m,243
REBIO,LETREIRO,NA,120
REBIO,NAUFRAGIO DO LILI,8.1-14m,34
REBIO,PEDRA DO ELEFANTE,2.1-8m,54
REBIO,PEDRA DO ELEFANTE,14.1m+,32
REBIO,PORTINHO NORTE,2.1-8m,124
REBIO,PORTINHO SUL,0-2m,25
REBIO,PORTINHO SUL,2.1-8m,67
REBIO,PORTINHO SUL,14.1m+,65
REBIO,RANCHO NORTE,0-2m,63
REBIO,RANCHO NORTE,2.1-8m,168
REBIO,RANCHO NORTE,8.1-14m,45
REBIO,SACO DA MULATA NORTE,2.1-8m,63
REBIO,SACO DA MULATA NORTE,8.1-14m,34
REBIO,SACO DA MULATA SUL,8.1-14m,40
REBIO,SACO DAGUA,0-2m,102
REBIO,SACO DAGUA,2.1-8m,43
REBIO,SACO DAGUA,8.1-14m,41
REBIO,SACO DAGUA,14.1m+,154
REBIO,SACO DAGUA,NA,60
REBIO,SAQUINHO DAGUA,0-2m,15
REBIO,SAQUINHO DAGUA,8.1-14m,39
REBIO,SAQUINHO DAGUA,14.1m+,56
NEAR_REBIO,BAIA DAS TARTARUGAS,0-2m,33
NEAR_REBIO,BAIA DAS TARTARUGAS,2.1-8m,195
NEAR_REBIO,ENGENHO,0-2m,94
NEAR_REBIO,ENGENHO,2.1-8m,235
NEAR_REBIO,ENGENHO,8.1-14m,35
NEAR_REBIO,FAROL,0-2m,93
NEAR_REBIO,FAROL,2.1-8m,136
NEAR_REBIO,FAROL,8.1-14m,104
NEAR_REBIO,FAROL,14.1m+,110
NEAR_REBIO,SACO DO BATISMO,0-2m,90
NEAR_REBIO,SACO DO BATISMO,2.1-8m,155
NEAR_REBIO,SACO DO BATISMO,8.1-14m,136
NEAR_REBIO,SACO DO CAPIM,0-2m,81
NEAR_REBIO,SACO DO CAPIM,2.1-8m,113
NEAR_REBIO,SACO DO CAPIM,8.1-14m,114
NEAR_REBIO,VIDAL,0-2m,70
NEAR_REBIO,VIDAL,2.1-8m,168
NEAR_REBIO,VIDAL,8.1-14m,85
SURROUNDINGS,ARANHAS LESTE,0-2m,21
SURROUNDINGS,ARANHAS LESTE,2.1-8m,89
SURROUNDINGS,ARANHAS OESTE,0-2m,19
SURROUNDINGS,ARANHAS OESTE,2.1-8m,113
SURROUNDINGS,ARANHAS OESTE,8.1-14m,1
SURROUNDINGS,CAMPECHE NORTE,0-2m,60
SURROUNDINGS,CAMPECHE NORTE,2.1-8m,60
SURROUNDINGS,CAMPECHE SUL,0-2m,63
SURROUNDINGS,CAMPECHE SUL,2.1-8m,196
SURROUNDINGS,ESTALEIRO 1,0-2m,78
SURROUNDINGS,ESTALEIRO 1,2.1-8m,230
SURROUNDINGS,ESTALEIRO 2,0-2m,96
SURROUNDINGS,ESTALEIRO 2,2.1-8m,212
SURROUNDINGS,ILHA DO CORAL,2.1-8m,35
SURROUNDINGS,ILHA DO CORAL,8.1-14m,55
SURROUNDINGS,ILHA DOS LOBOS,0-2m,20
SURROUNDINGS,ILHA DOS LOBOS,2.1-8m,80
SURROUNDINGS,ILHA PORTO BELO,0-2m,92
SURROUNDINGS,ILHA PORTO BELO,2.1-8m,216
SURROUNDINGS,IRMA DE FORA,8.1-14m,70
SURROUNDINGS,IRMA DO MEIO,2.1-8m,98
SURROUNDINGS,LAGOINHA DO NORTE,0-2m,61
SURROUNDINGS,MACUCO,0-2m,115
SURROUNDINGS,MACUCO,2.1-8m,177
SURROUNDINGS,MACUCO SUL,2.1-8m,60
SURROUNDINGS,MATA FOME,0-2m,107
SURROUNDINGS,MATA FOME,2.1-8m,76
SURROUNDINGS,MATA FOME,8.1-14m,175
SURROUNDINGS,MOLEQUES DO SUL,8.1-14m,42
SURROUNDINGS,PONTA DAS CANAS,0-2m,33
SURROUNDINGS,SEPULTURA,2.1-8m,60
SURROUNDINGS,TAMBORETES NORTE,2.1-8m,119
SURROUNDINGS,TAMBORETES SUL,0-2m,85
SURROUNDINGS,TAMBORETES SUL,2.1-8m,103
SURROUNDINGS,TIPITINGA,2.1-8m,38
SURROUNDINGS,TIPITINGA,8.1-14m,50
SURROUNDINGS,XAVIER,0-2m,32
SURROUNDINGS,XAVIER,2.1-8m,108
SURROUNDINGS,XAVIER,8.1-14m,170
SURROUNDINGS,XAVIER,14.1m+,45
