localidade,region,total_effort_minutes,total_effort_hours,total_positive_records,total_weighted_score,shoreline_m,uni100m,pooled_denominator,pooled_dpue,pooled_raiw
ARANHAS LESTE,SURROUNDINGS,110,1.8333333333333333,0,0,479.368,4.79368,8.788413333333333,0,0
ARANHAS OESTE,SURROUNDINGS,133,2.216666666666667,0,0,493.065,4.93065,10.929607500000001,0,0
BAIA DAS TARTARUGAS,NEAR_REBIO,228,3.8,2,0.64,470.878,4.70878,17.893364,0.111773280865465,0.0357674498769488
CAMPECHE NORTE,SURROUNDINGS,120,2,0,0,544.656,5.44656,10.89312,0,0
CAMPECHE SUL,SURROUNDINGS,259,4.316666666666666,0,0,682.266,6.82266,29.451148999999997,0,0
COSTA DO ELEFANTE,REBIO,130,2.1666666666666665,0,0,667.941,6.679410000000001,14.472055000000001,0,0
COSTAO DO SACO DAGUA,REBIO,309,5.15,6,3.54,433.933,4.33933,22.347549500000003,0.268485813176071,0.1584066297738819
DESERTA NORTE,REBIO,243,4.05,1,0.04,529.261,5.29261,21.4350705,0.046652517424656946,0.0018661006969862778
DESERTA SUL,REBIO,188,3.1333333333333333,8,1.06,430.746,4.30746,13.496708,0.5927371326400482,0.0785376700748064
ENGENHO,NEAR_REBIO,364,6.066666666666666,72,31.26,430.834,4.30834,26.13726266666667,2.7546878538211623,1.1959936432006881
ENSEADA DO LILI,REBIO,225,3.75,6,0.48000000000000004,634.057,6.3405700000000005,23.777137500000002,0.2523432435885102,0.020187459487080815
ESTALEIRO 1,SURROUNDINGS,308,5.133333333333334,0,0,801.763,8.01763,41.15716733333334,0,0
ESTALEIRO 2,SURROUNDINGS,308,5.133333333333334,0,0,662.461,6.6246100000000006,34.006331333333335,0,0
FAROL,NEAR_REBIO,443,7.383333333333334,12,3.86,561.107,5.61107,41.42840016666667,0.2896563698265909,0.09317279896088673
ILHA DO CORAL,SURROUNDINGS,90,1.5,0,0,554.886,5.5488599999999995,8.32329,0,0
ILHA DOS LOBOS,SURROUNDINGS,100,1.6666666666666667,0,0,850.642,8.50642,14.177366666666668,0,0
ILHA PORTO BELO,SURROUNDINGS,308,5.133333333333334,0,0,480.381,4.8038099999999995,24.659558,0,0
IRMA DE FORA,SURROUNDINGS,70,1.1666666666666667,0,0,373.717,3.73717,4.360031666666667,0,0
IRMA DO MEIO,SURROUNDINGS,98,1.6333333333333333,0,0,543.214,5.43214,8.872495333333333,0,0
LAGOINHA DO NORTE,SURROUNDINGS,61,1.0166666666666666,0,0,1022.968,10.22968,10.400174666666667,0,0
LETREIRO,REBIO,389,6.483333333333333,1,0.04,471.629,4.71629,30.577280166666664,0.032704020584869875,0.001308160823394795
MACUCO,SURROUNDINGS,292,4.866666666666666,0,0,955.613,9.556130000000001,46.50649933333334,0,0
MACUCO SUL,SURROUNDINGS,60,1,0,0,673.9,6.739,6.739,0,0
MATA FOME,SURROUNDINGS,358,5.966666666666667,0,0,409.243,4.09243,24.418165666666667,0,0
MOLEQUES DO SUL,SURROUNDINGS,42,0.7,0,0,309.525,3.0952499999999996,2.1666749999999997,0,0
NAUFRAGIO DO LILI,REBIO,34,0.5666666666666667,12,1.2000000000000002,93.052,0.93052,0.5272946666666667,22.757673761160742,2.2757673761160744
PEDRA DO ELEFANTE,REBIO,86,1.4333333333333333,10,2.7800000000000002,265.827,2.65827,3.810187,2.6245430998531045,0.7296229817591631
PONTA DAS CANAS,SURROUNDINGS,33,0.55,0,0,663.035,6.63035,3.6466925000000003,0,0
PORTINHO NORTE,REBIO,124,2.066666666666667,0,0,422.674,4.2267399999999995,8.735262666666667,0,0
PORTINHO SUL,REBIO,157,2.6166666666666667,0,0,401.159,4.01159,10.496993833333333,0,0
RANCHO NORTE,REBIO,276,4.6,21,6.18,702.405,7.02405,32.310629999999996,0.6499409018022863,0.19126832253038709
SACO DA MULATA NORTE,REBIO,97,1.6166666666666667,0,0,407.004,4.0700400000000005,6.579898000000001,0,0
SACO DA MULATA SUL,REBIO,40,0.6666666666666666,0,0,554.63,5.5463,3.697533333333333,0,0
SACO DAGUA,REBIO,400,6.666666666666667,0,0,558.439,5.58439,37.22926666666667,0,0
SACO DO BATISMO,NEAR_REBIO,381,6.35,3,0.24000000000000002,413.894,4.13894,26.282268999999996,0.1141453958940912,0.009131631671527297
SACO DO CAPIM,NEAR_REBIO,308,5.133333333333334,1,0.04,539.427,5.394270000000001,27.690586000000007,0.036113356358727824,0.001444534254349113
SAQUINHO DAGUA,REBIO,110,1.8333333333333333,2,0.08,289.082,2.8908199999999997,5.299836666666666,0.3773701202112518,0.015094804808450074
SEPULTURA,SURROUNDINGS,60,1,0,0,478.633,4.7863299999999995,4.7863299999999995,0,0
TAMBORETES NORTE,SURROUNDINGS,119,1.9833333333333334,0,0,814.655,8.14655,16.157324166666665,0,0
TAMBORETES SUL,SURROUNDINGS,188,3.1333333333333333,0,0,942.781,9.42781,29.54047133333333,0,0
TIPITINGA,SURROUNDINGS,88,1.4666666666666666,0,0,503.018,5.03018,7.377597333333332,0,0
VIDAL,NEAR_REBIO,323,5.383333333333334,16,5.58,391.929,3.9192899999999997,21.0988445,0.7583353676074537,0.26446945945309946
XAVIER,SURROUNDINGS,355,5.916666666666667,0,0,652.198,6.52198,38.58838166666667,0,0
