localidade,depth_stratum,positive_records_depth,weighted_score_depth,region,pooled_denominator,pooled_dpue,pooled_raiw,dpue_depth,raiw_depth
BAIA DAS TARTARUGAS,0-2m,0,0,ADJACENT_REBIO,17.893364,0.111773280865465,0.0357674498769488,0,0
BAIA DAS TARTARUGAS,2.1-8m,2,0.64,ADJACENT_REBIO,17.893364,0.111773280865465,0.0357674498769488,0.111773280865465,0.0357674498769488
BAIA DAS TARTARUGAS,8.1-14m,0,0,ADJACENT_REBIO,17.893364,0.111773280865465,0.0357674498769488,0,0
BAIA DAS TARTARUGAS,14.1m+,0,0,ADJACENT_REBIO,17.893364,0.111773280865465,0.0357674498769488,0,0
COSTAO DO SACO DAGUA,0-2m,0,0,REBIO,22.347549500000003,0.268485813176071,0.1584066297738819,0,0
COSTAO DO SACO DAGUA,2.1-8m,0,0,REBIO,22.347549500000003,0.268485813176071,0.1584066297738819,0,0
COSTAO DO SACO DAGUA,8.1-14m,3,1.6400000000000001,REBIO,22.347549500000003,0.268485813176071,0.1584066297738819,0.1342429065880355,0.07338612226812609
COSTAO DO SACO DAGUA,14.1m+,3,1.9000000000000001,REBIO,22.347549500000003,0.268485813176071,0.1584066297738819,0.1342429065880355,0.08502050750575582
DESERTA NORTE,0-2m,0,0,REBIO,21.4350705,0.046652517424656946,0.0018661006969862778,0,0
DESERTA NORTE,2.1-8m,1,0.04,REBIO,21.4350705,0.046652517424656946,0.0018661006969862778,0.046652517424656946,0.0018661006969862778
DESERTA NORTE,8.1-14m,0,0,REBIO,21.4350705,0.046652517424656946,0.0018661006969862778,0,0
DESERTA NORTE,14.1m+,0,0,REBIO,21.4350705,0.046652517424656946,0.0018661006969862778,0,0
DESERTA SUL,0-2m,2,0.64,REBIO,13.496708,0.5927371326400482,0.0785376700748064,0.14818428316001206,0.047418970611203856
DESERTA SUL,2.1-8m,1,0.1,REBIO,13.496708,0.5927371326400482,0.0785376700748064,0.07409214158000603,0.007409214158000603
DESERTA SUL,8.1-14m,4,0.28,REBIO,13.496708,0.5927371326400482,0.0785376700748064,0.2963685663200241,0.02074579964240169
DESERTA SUL,14.1m+,1,0.04,REBIO,13.496708,0.5927371326400482,0.0785376700748064,0.07409214158000603,0.002963685663200241
ENGENHO,0-2m,14,6.88,ADJACENT_REBIO,26.13726266666667,2.7546878538211623,1.1959936432006881,0.5356337493541149,0.2632257282540222
ENGENHO,2.1-8m,56,24.240000000000002,ADJACENT_REBIO,26.13726266666667,2.7546878538211623,1.1959936432006881,2.1425349974164596,0.9274115774531247
ENGENHO,8.1-14m,2,0.14,ADJACENT_REBIO,26.13726266666667,2.7546878538211623,1.1959936432006881,0.07651910705058784,0.00535633749354115
ENGENHO,14.1m+,0,0,ADJACENT_REBIO,26.13726266666667,2.7546878538211623,1.1959936432006881,0,0
ENSEADA DO LILI,0-2m,0,0,REBIO,23.777137500000002,0.2523432435885102,0.020187459487080815,0,0
ENSEADA DO LILI,2.1-8m,0,0,REBIO,23.777137500000002,0.2523432435885102,0.020187459487080815,0,0
ENSEADA DO LILI,8.1-14m,6,0.48000000000000004,REBIO,23.777137500000002,0.2523432435885102,0.020187459487080815,0.2523432435885102,0.020187459487080815
ENSEADA DO LILI,14.1m+,0,0,REBIO,23.777137500000002,0.2523432435885102,0.020187459487080815,0,0
FAROL,0-2m,2,0.64,ADJACENT_REBIO,41.42840016666667,0.2896563698265909,0.09317279896088673,0.04827606163776515,0.015448339724084848
FAROL,2.1-8m,3,0.18,ADJACENT_REBIO,41.42840016666667,0.2896563698265909,0.09317279896088673,0.07241409245664772,0.004344845547398863
FAROL,8.1-14m,2,0.2,ADJACENT_REBIO,41.42840016666667,0.2896563698265909,0.09317279896088673,0.04827606163776515,0.004827606163776515
FAROL,14.1m+,5,2.84,ADJACENT_REBIO,41.42840016666667,0.2896563698265909,0.09317279896088673,0.12069015409441286,0.0685520075256265
LETREIRO,0-2m,0,0,REBIO,30.577280166666664,0.032704020584869875,0.001308160823394795,0,0
LETREIRO,2.1-8m,1,0.04,REBIO,30.577280166666664,0.032704020584869875,0.001308160823394795,0.032704020584869875,0.001308160823394795
LETREIRO,8.1-14m,0,0,REBIO,30.577280166666664,0.032704020584869875,0.001308160823394795,0,0
LETREIRO,14.1m+,0,0,REBIO,30.577280166666664,0.032704020584869875,0.001308160823394795,0,0
NAUFRAGIO DO LILI,0-2m,0,0,REBIO,0.5272946666666667,22.757673761160742,2.2757673761160744,0,0
NAUFRAGIO DO LILI,2.1-8m,0,0,REBIO,0.5272946666666667,22.757673761160742,2.2757673761160744,0,0
NAUFRAGIO DO LILI,8.1-14m,12,1.2000000000000002,REBIO,0.5272946666666667,22.757673761160742,2.2757673761160744,22.757673761160742,2.2757673761160744
NAUFRAGIO DO LILI,14.1m+,0,0,REBIO,0.5272946666666667,22.757673761160742,2.2757673761160744,0,0
PEDRA DO ELEFANTE,0-2m,0,0,REBIO,3.810187,2.6245430998531045,0.7296229817591631,0,0
PEDRA DO ELEFANTE,2.1-8m,7,2.48,REBIO,3.810187,2.6245430998531045,0.7296229817591631,1.837180169897173,0.6508866887635699
PEDRA DO ELEFANTE,8.1-14m,0,0,REBIO,3.810187,2.6245430998531045,0.7296229817591631,0,0
PEDRA DO ELEFANTE,14.1m+,3,0.30000000000000004,REBIO,3.810187,2.6245430998531045,0.7296229817591631,0.7873629299559313,0.07873629299559314
RANCHO NORTE,0-2m,5,0.2,REBIO,32.310629999999996,0.6499409018022863,0.19126832253038709,0.1547478337624491,0.006189913350497964
RANCHO NORTE,2.1-8m,16,5.98,REBIO,32.310629999999996,0.6499409018022863,0.19126832253038709,0.4951930680398371,0.18507840917988913
RANCHO NORTE,8.1-14m,0,0,REBIO,32.310629999999996,0.6499409018022863,0.19126832253038709,0,0
RANCHO NORTE,14.1m+,0,0,REBIO,32.310629999999996,0.6499409018022863,0.19126832253038709,0,0
SACO DO BATISMO,0-2m,3,0.24000000000000002,ADJACENT_REBIO,26.282268999999996,0.1141453958940912,0.009131631671527297,0.1141453958940912,0.009131631671527297
SACO DO BATISMO,2.1-8m,0,0,ADJACENT_REBIO,26.282268999999996,0.1141453958940912,0.009131631671527297,0,0
SACO DO BATISMO,8.1-14m,0,0,ADJACENT_REBIO,26.282268999999996,0.1141453958940912,0.009131631671527297,0,0
SACO DO BATISMO,14.1m+,0,0,ADJACENT_REBIO,26.282268999999996,0.1141453958940912,0.009131631671527297,0,0
SACO DO CAPIM,0-2m,0,0,ADJACENT_REBIO,27.690586000000007,0.036113356358727824,0.001444534254349113,0,0
SACO DO CAPIM,2.1-8m,1,0.04,ADJACENT_REBIO,27.690586000000007,0.036113356358727824,0.001444534254349113,0.036113356358727824,0.001444534254349113
SACO DO CAPIM,8.1-14m,0,0,ADJACENT_REBIO,27.690586000000007,0.036113356358727824,0.001444534254349113,0,0
SACO DO CAPIM,14.1m+,0,0,ADJACENT_REBIO,27.690586000000007,0.036113356358727824,0.001444534254349113,0,0
SAQUINHO DAGUA,0-2m,0,0,REBIO,5.299836666666666,0.3773701202112518,0.015094804808450074,0,0
SAQUINHO DAGUA,2.1-8m,0,0,REBIO,5.299836666666666,0.3773701202112518,0.015094804808450074,0,0
SAQUINHO DAGUA,8.1-14m,1,0.04,REBIO,5.299836666666666,0.3773701202112518,0.015094804808450074,0.1886850601056259,0.007547402404225037
SAQUINHO DAGUA,14.1m+,1,0.04,REBIO,5.299836666666666,0.3773701202112518,0.015094804808450074,0.1886850601056259,0.007547402404225037
VIDAL,0-2m,0,0,ADJACENT_REBIO,21.0988445,0.7583353676074537,0.26446945945309946,0,0
VIDAL,2.1-8m,7,2.78,ADJACENT_REBIO,21.0988445,0.7583353676074537,0.26446945945309946,0.33177172332826094,0.13176077012179505
VIDAL,8.1-14m,9,2.8,ADJACENT_REBIO,21.0988445,0.7583353676074537,0.26446945945309946,0.4265636442791927,0.13270868933130436
VIDAL,14.1m+,0,0,ADJACENT_REBIO,21.0988445,0.7583353676074537,0.26446945945309946,0,0
