localidade,locality_abbr,region,effort_minutes,positive_records,shoreline_m,dpue,raiw,occurrence
BAIA DAS TARTARUGAS,BT,ADJACENT_REBIO,228,2,470.878,0.111773280865465,0.0357674498769488,PRESENT
ENGENHO,ENG,ADJACENT_REBIO,364,72,430.834,2.7546878538211623,1.1959936432006881,PRESENT
FAROL,FAR,ADJACENT_REBIO,443,12,561.107,0.2896563698265909,0.09317279896088673,PRESENT
SACO DO BATISMO,SB,ADJACENT_REBIO,381,3,413.894,0.1141453958940912,0.009131631671527297,PRESENT
SACO DO CAPIM,SC,ADJACENT_REBIO,308,1,539.427,0.036113356358727824,0.001444534254349113,PRESENT
VIDAL,VID,ADJACENT_REBIO,323,16,391.929,0.7583353676074537,0.26446945945309946,PRESENT
COSTA DO ELEFANTE,CE,REBIO,130,0,667.941,0,0,ABSENT
COSTAO DO SACO DAGUA,CSD,REBIO,309,6,433.933,0.268485813176071,0.1584066297738819,PRESENT
DESERTA NORTE,DN,REBIO,243,1,529.261,0.046652517424656946,0.0018661006969862778,PRESENT
DESERTA SUL,DS,REBIO,188,8,430.746,0.5927371326400482,0.0785376700748064,PRESENT
ENSEADA DO LILI,EL,REBIO,225,6,634.057,0.2523432435885102,0.020187459487080815,PRESENT
LETREIRO,LET,REBIO,389,1,471.629,0.032704020584869875,0.001308160823394795,PRESENT
NAUFRAGIO DO LILI,NL,REBIO,34,12,93.052,22.757673761160742,2.2757673761160744,PRESENT
PEDRA DO ELEFANTE,PE,REBIO,86,10,265.827,2.6245430998531045,0.7296229817591631,PRESENT
PORTINHO NORTE,PN,REBIO,124,0,422.674,0,0,ABSENT
PORTINHO SUL,PS,REBIO,157,0,401.159,0,0,ABSENT
RANCHO NORTE,RN,REBIO,276,21,702.405,0.6499409018022863,0.19126832253038709,PRESENT
SACO DA MULATA NORTE,SMN,REBIO,97,0,407.004,0,0,ABSENT
SACO DA MULATA SUL,SMS,REBIO,40,0,554.63,0,0,ABSENT
SACO DAGUA,SD,REBIO,400,0,558.439,0,0,ABSENT
SAQUINHO DAGUA,SQD,REBIO,110,2,289.082,0.3773701202112518,0.015094804808450074,PRESENT
ARANHAS LESTE,NA,SURROUNDINGS,110,0,479.368,0,0,ABSENT
ARANHAS OESTE,NA,SURROUNDINGS,133,0,493.065,0,0,ABSENT
CAMPECHE NORTE,NA,SURROUNDINGS,120,0,544.656,0,0,ABSENT
CAMPECHE SUL,NA,SURROUNDINGS,259,0,682.266,0,0,ABSENT
ESTALEIRO 1,NA,SURROUNDINGS,308,0,801.763,0,0,ABSENT
ESTALEIRO 2,NA,SURROUNDINGS,308,0,662.461,0,0,ABSENT
ILHA DO CORAL,NA,SURROUNDINGS,90,0,554.886,0,0,ABSENT
ILHA DOS LOBOS,NA,SURROUNDINGS,100,0,850.642,0,0,ABSENT
ILHA PORTO BELO,NA,SURROUNDINGS,308,0,480.381,0,0,ABSENT
IRMA DE FORA,NA,SURROUNDINGS,70,0,373.717,0,0,ABSENT
IRMA DO MEIO,NA,SURROUNDINGS,98,0,543.214,0,0,ABSENT
LAGOINHA DO NORTE,NA,SURROUNDINGS,61,0,1022.968,0,0,ABSENT
MACUCO,NA,SURROUNDINGS,292,0,955.613,0,0,ABSENT
MACUCO SUL,NA,SURROUNDINGS,60,0,673.9,0,0,ABSENT
MATA FOME,NA,SURROUNDINGS,358,0,409.243,0,0,ABSENT
MOLEQUES DO SUL,NA,SURROUNDINGS,42,0,309.525,0,0,ABSENT
PONTA DAS CANAS,NA,SURROUNDINGS,33,0,663.035,0,0,ABSENT
SEPULTURA,NA,SURROUNDINGS,60,0,478.633,0,0,ABSENT
TAMBORETES NORTE,NA,SURROUNDINGS,119,0,814.655,0,0,ABSENT
TAMBORETES SUL,NA,SURROUNDINGS,188,0,942.781,0,0,ABSENT
TIPITINGA,NA,SURROUNDINGS,88,0,503.018,0,0,ABSENT
XAVIER,NA,SURROUNDINGS,355,0,652.198,0,0,ABSENT
