localidade,region,n_cycles,sampled_cycles,total_effort,minimum_effort,maximum_effort,mean_effort,sd_effort,cv_effort,effort_ratio,total_sampling_dates,total_sampling_units,total_positive,total_records_without_depth
FAROL,NEAR_REBIO,3,"2022/2023, 2023/2024, 2024/2025",443,125,186,147.66666666666666,33.38163167571851,0.22606071112224727,1.488,3,13,12,0
VIDAL,NEAR_REBIO,3,"2022/2023, 2023/2024, 2024/2025",323,65,138,107.66666666666667,38.03068936179481,0.35322621698261436,2.123076923076923,3,9,16,0
RANCHO NORTE,REBIO,3,"2022/2023, 2023/2024, 2024/2025",276,48,123,92,39.153543900903784,0.42558199892286724,2.5625,4,8,21,60
COSTAO DO SACO DAGUA,REBIO,3,"2022/2023, 2023/2024, 2024/2025",309,50,160,103,55.10898293381942,0.5350386692603827,3.2,3,6,6,0
LETREIRO,REBIO,3,"2022/2023, 2023/2024, 2024/2025",389,63,206,129.66666666666666,71.98842499550419,0.5551806554923203,3.2698412698412698,4,8,1,0
SACO DAGUA,REBIO,3,"2022/2023, 2023/2024, 2024/2025",400,60,224,133.33333333333334,83.36266150581646,0.6252199612936234,3.7333333333333334,3,7,0,0
ENGENHO,NEAR_REBIO,3,"2022/2023, 2023/2024, 2024/2025",364,30,247,121.33333333333333,112.50037036976072,0.9272008546958301,8.233333333333333,3,7,72,0
ESTALEIRO 1,SURROUNDINGS,2,"2022/2023, 2024/2025",308,148,160,154,8.48528137423857,0.055099229702847856,1.0810810810810811,2,6,0,0
XAVIER,SURROUNDINGS,2,"2023/2024, 2024/2025",355,170,185,177.5,10.606601717798213,0.05975550263548289,1.088235294117647,3,8,0,0
ENSEADA DO LILI,REBIO,2,"2022/2023, 2024/2025",225,103,122,112.5,13.435028842544403,0.11942247860039469,1.1844660194174756,2,5,6,0
SACO DO BATISMO,NEAR_REBIO,2,"2022/2023, 2024/2025",381,174,207,190.5,23.33452377915607,0.1224909384732602,1.1896551724137931,3,9,3,0
ESTALEIRO 2,SURROUNDINGS,2,"2022/2023, 2024/2025",308,140,168,154,19.79898987322333,0.128564869306645,1.2,2,6,0,0
SACO DO CAPIM,NEAR_REBIO,2,"2022/2023, 2024/2025",308,131,177,154,32.526911934581186,0.21121371386091678,1.3511450381679388,2,8,1,0
ILHA PORTO BELO,SURROUNDINGS,2,"2022/2023, 2024/2025",308,130,178,154,33.94112549695428,0.22039691881139142,1.3692307692307693,2,6,0,0
DESERTA NORTE,REBIO,2,"2022/2023, 2024/2025",243,98,145,121.5,33.23401871576773,0.27353101823677145,1.4795918367346939,2,5,1,0
MACUCO,SURROUNDINGS,2,"2022/2023, 2024/2025",292,117,175,146,41.012193308819754,0.2809054336220531,1.4957264957264957,2,5,0,0
BAIA DAS TARTARUGAS,NEAR_REBIO,2,"2022/2023, 2024/2025",228,90,138,114,33.94112549695428,0.29772917102591473,1.5333333333333334,2,5,2,0
DESERTA SUL,REBIO,2,"2022/2023, 2024/2025",188,69,119,94,35.35533905932738,0.3761206282907168,1.7246376811594204,2,5,8,0
SAQUINHO DAGUA,REBIO,2,"2023/2024, 2024/2025",110,40,70,55,21.213203435596427,0.38569460791993504,1.75,2,5,2,0
PEDRA DO ELEFANTE,REBIO,2,"2022/2023, 2024/2025",86,30,56,43,18.384776310850235,0.42755293746163336,1.8666666666666667,2,3,10,0
MATA FOME,SURROUNDINGS,2,"2022/2023, 2024/2025",358,124,234,179,77.78174593052023,0.43453489346659346,1.8870967741935485,2,12,0,0
ARANHAS LESTE,SURROUNDINGS,1,2022/2023,110,110,110,110,NA,NA,1,1,3,0,0
ARANHAS OESTE,SURROUNDINGS,1,2022/2023,133,133,133,133,NA,NA,1,1,3,0,0
CAMPECHE NORTE,SURROUNDINGS,1,2024/2025,120,120,120,120,NA,NA,1,1,2,0,0
CAMPECHE SUL,SURROUNDINGS,1,2023/2024,259,259,259,259,NA,NA,1,1,4,0,0
COSTA DO ELEFANTE,REBIO,1,2022/2023,130,130,130,130,NA,NA,1,1,3,0,0
ILHA DO CORAL,SURROUNDINGS,1,2024/2025,90,90,90,90,NA,NA,1,1,2,0,0
ILHA DOS LOBOS,SURROUNDINGS,1,2022/2023,100,100,100,100,NA,NA,1,1,3,0,0
IRMA DE FORA,SURROUNDINGS,1,2024/2025,70,70,70,70,NA,NA,1,1,2,0,0
IRMA DO MEIO,SURROUNDINGS,1,2024/2025,98,98,98,98,NA,NA,1,1,2,0,0
LAGOINHA DO NORTE,SURROUNDINGS,1,2023/2024,61,61,61,61,NA,NA,1,1,1,0,0
MACUCO SUL,SURROUNDINGS,1,2024/2025,60,60,60,60,NA,NA,1,1,1,0,0
MOLEQUES DO SUL,SURROUNDINGS,1,2024/2025,42,42,42,42,NA,NA,1,1,1,0,0
NAUFRAGIO DO LILI,REBIO,1,2024/2025,34,34,34,34,NA,NA,1,1,2,12,0
PONTA DAS CANAS,SURROUNDINGS,1,2023/2024,33,33,33,33,NA,NA,1,1,1,0,0
PORTINHO NORTE,REBIO,1,2022/2023,124,124,124,124,NA,NA,1,1,3,0,0
PORTINHO SUL,REBIO,1,2022/2023,157,157,157,157,NA,NA,1,3,5,0,0
SACO DA MULATA NORTE,REBIO,1,2022/2023,97,97,97,97,NA,NA,1,1,2,0,0
SACO DA MULATA SUL,REBIO,1,2022/2023,40,40,40,40,NA,NA,1,1,1,0,0
SEPULTURA,SURROUNDINGS,1,2022/2023,60,60,60,60,NA,NA,1,1,1,0,0
TAMBORETES NORTE,SURROUNDINGS,1,2022/2023,119,119,119,119,NA,NA,1,1,4,0,0
TAMBORETES SUL,SURROUNDINGS,1,2022/2023,188,188,188,188,NA,NA,1,1,5,0,0
TIPITINGA,SURROUNDINGS,1,2022/2023,88,88,88,88,NA,NA,1,1,2,0,0
