localidade,effort_minutes,effort_hours,sum_manual,sum_moderate,sum_linear,Uni100m,denominator,raiw_manual,raiw_moderate,raiw_linear,rank_manual,rank_moderate,rank_linear,diff_moderate,diff_linear,max_abs_change
DESERTA SUL,188,3.1333333333333333,1.06,1.75,2.6,4.30746,13.496708,0.0785376700748064,0.12966124776501056,0.1926395681080157,8,7,6,1,2,2
BAIA DAS TARTARUGAS,228,3.8,0.64,0.7,0.8,4.70878,17.893364,0.0357674498769488,0.039120648302912744,0.044709312346186,9,10,11,-1,-2,2
COSTAO DO SACO DAGUA,309,5.15,3.54,3.75,4,4.33933,22.347549500000003,0.1584066297738819,0.16780363323504438,0.17899054211738066,6,6,7,0,-1,1
FAROL,443,7.383333333333334,3.86,4.55,5.4,5.61107,41.42840016666667,0.09317279896088673,0.1098280402259157,0.1303453664219659,7,8,8,-1,-1,1
ENSEADA DO LILI,225,3.75,0.48000000000000004,1.2,2,6.3405700000000005,23.777137500000002,0.020187459487080815,0.05046864871770203,0.08411441452950338,10,9,9,1,1,1
SAQUINHO DAGUA,110,1.8333333333333333,0.08,0.2,0.4,2.8908199999999997,5.299836666666666,0.015094804808450074,0.037737012021125185,0.07547402404225037,11,11,10,0,1,1
NAUFRAGIO DO LILI,34,0.5666666666666667,1.2000000000000002,3,4.800000000000001,0.93052,0.5272946666666667,2.2757673761160744,5.6894184402901855,9.103069504464298,1,1,1,0,0,0
ENGENHO,364,6.066666666666666,31.26,34.65,38.800000000000004,4.30834,26.13726266666667,1.1959936432006881,1.3256935296514345,1.4844706767814044,2,2,2,0,0,0
PEDRA DO ELEFANTE,86,1.4333333333333333,2.7800000000000002,3.65,4.6000000000000005,2.65827,3.810187,0.7296229817591631,0.957958231446383,1.207289825932428,3,3,3,0,0,0
VIDAL,323,5.383333333333334,5.58,6.15,7,3.9192899999999997,21.0988445,0.26446945945309946,0.29148515692411503,0.33177172332826094,4,4,4,0,0,0
RANCHO NORTE,276,4.6,6.18,7.05,8.4,7.02405,32.310629999999996,0.19126832253038709,0.21819444560505322,0.2599763607209145,5,5,5,0,0,0
SACO DO BATISMO,381,6.35,0.24000000000000002,0.6,1,4.13894,26.282268999999996,0.009131631671527297,0.02282907917881824,0.0380484652980304,12,12,12,0,0,0
DESERTA NORTE,243,4.05,0.04,0.1,0.2,5.29261,21.4350705,0.0018661006969862778,0.004665251742465695,0.00933050348493139,13,13,13,0,0,0
SACO DO CAPIM,308,5.133333333333334,0.04,0.1,0.2,5.394270000000001,27.690586000000007,0.001444534254349113,0.003611335635872783,0.007222671271745566,14,14,14,0,0,0
LETREIRO,389,6.483333333333333,0.04,0.1,0.2,4.71629,30.577280166666664,0.001308160823394795,0.0032704020584869878,0.0065408041169739755,15,15,15,0,0,0
ARANHAS LESTE,110,1.8333333333333333,0,0,0,4.79368,8.788413333333333,0,0,0,16,16,16,0,0,0
ARANHAS OESTE,133,2.216666666666667,0,0,0,4.93065,10.929607500000001,0,0,0,16,16,16,0,0,0
CAMPECHE NORTE,120,2,0,0,0,5.44656,10.89312,0,0,0,16,16,16,0,0,0
CAMPECHE SUL,259,4.316666666666666,0,0,0,6.82266,29.451148999999997,0,0,0,16,16,16,0,0,0
COSTA DO ELEFANTE,130,2.1666666666666665,0,0,0,6.679410000000001,14.472055000000001,0,0,0,16,16,16,0,0,0
ESTALEIRO 1,308,5.133333333333334,0,0,0,8.01763,41.15716733333334,0,0,0,16,16,16,0,0,0
ESTALEIRO 2,308,5.133333333333334,0,0,0,6.6246100000000006,34.006331333333335,0,0,0,16,16,16,0,0,0
ILHA DO CORAL,90,1.5,0,0,0,5.5488599999999995,8.32329,0,0,0,16,16,16,0,0,0
ILHA DOS LOBOS,100,1.6666666666666667,0,0,0,8.50642,14.177366666666668,0,0,0,16,16,16,0,0,0
ILHA PORTO BELO,308,5.133333333333334,0,0,0,4.8038099999999995,24.659558,0,0,0,16,16,16,0,0,0
IRMA DE FORA,70,1.1666666666666667,0,0,0,3.73717,4.360031666666667,0,0,0,16,16,16,0,0,0
IRMA DO MEIO,98,1.6333333333333333,0,0,0,5.43214,8.872495333333333,0,0,0,16,16,16,0,0,0
LAGOINHA DO NORTE,61,1.0166666666666666,0,0,0,10.22968,10.400174666666667,0,0,0,16,16,16,0,0,0
MACUCO,292,4.866666666666666,0,0,0,9.556130000000001,46.50649933333334,0,0,0,16,16,16,0,0,0
MACUCO SUL,60,1,0,0,0,6.739,6.739,0,0,0,16,16,16,0,0,0
MATA FOME,358,5.966666666666667,0,0,0,4.09243,24.418165666666667,0,0,0,16,16,16,0,0,0
MOLEQUES DO SUL,42,0.7,0,0,0,3.0952499999999996,2.1666749999999997,0,0,0,16,16,16,0,0,0
PONTA DAS CANAS,33,0.55,0,0,0,6.63035,3.6466925000000003,0,0,0,16,16,16,0,0,0
PORTINHO NORTE,124,2.066666666666667,0,0,0,4.2267399999999995,8.735262666666667,0,0,0,16,16,16,0,0,0
PORTINHO SUL,157,2.6166666666666667,0,0,0,4.01159,10.496993833333333,0,0,0,16,16,16,0,0,0
SACO DA MULATA NORTE,97,1.6166666666666667,0,0,0,4.0700400000000005,6.579898000000001,0,0,0,16,16,16,0,0,0
SACO DA MULATA SUL,40,0.6666666666666666,0,0,0,5.5463,3.697533333333333,0,0,0,16,16,16,0,0,0
SACO DAGUA,400,6.666666666666667,0,0,0,5.58439,37.22926666666667,0,0,0,16,16,16,0,0,0
SEPULTURA,60,1,0,0,0,4.7863299999999995,4.7863299999999995,0,0,0,16,16,16,0,0,0
TAMBORETES NORTE,119,1.9833333333333334,0,0,0,8.14655,16.157324166666665,0,0,0,16,16,16,0,0,0
TAMBORETES SUL,188,3.1333333333333333,0,0,0,9.42781,29.54047133333333,0,0,0,16,16,16,0,0,0
TIPITINGA,88,1.4666666666666666,0,0,0,5.03018,7.377597333333332,0,0,0,16,16,16,0,0,0
XAVIER,355,5.916666666666667,0,0,0,6.52198,38.58838166666667,0,0,0,16,16,16,0,0,0
