localidade,region,monitoring_cycle,cycle_index,effort_minutes,n_sampling_dates,n_sampling_units,n_positive,positive_percentage,n_records_without_depth
ARANHAS LESTE,SURROUNDINGS,2022/2023,1,110,1,3,0,0,0
ARANHAS OESTE,SURROUNDINGS,2022/2023,1,133,1,3,0,0,0
BAIA DAS TARTARUGAS,NEAR_REBIO,2022/2023,1,90,1,2,1,1.1111111111111112,0
BAIA DAS TARTARUGAS,NEAR_REBIO,2024/2025,3,138,1,3,1,0.7246376811594203,0
CAMPECHE NORTE,SURROUNDINGS,2024/2025,3,120,1,2,0,0,0
CAMPECHE SUL,SURROUNDINGS,2023/2024,2,259,1,4,0,0,0
COSTA DO ELEFANTE,REBIO,2022/2023,1,130,1,3,0,0,0
COSTAO DO SACO DAGUA,REBIO,2022/2023,1,50,1,1,0,0,0
COSTAO DO SACO DAGUA,REBIO,2023/2024,2,160,1,3,3,1.875,0
COSTAO DO SACO DAGUA,REBIO,2024/2025,3,99,1,2,3,3.0303030303030303,0
DESERTA NORTE,REBIO,2022/2023,1,98,1,2,0,0,0
DESERTA NORTE,REBIO,2024/2025,3,145,1,3,1,0.6896551724137931,0
DESERTA SUL,REBIO,2022/2023,1,69,1,2,1,1.4492753623188406,0
DESERTA SUL,REBIO,2024/2025,3,119,1,3,7,5.882352941176471,0
ENGENHO,NEAR_REBIO,2022/2023,1,30,1,1,1,3.3333333333333335,0
ENGENHO,NEAR_REBIO,2023/2024,2,87,1,2,13,14.942528735632184,0
ENGENHO,NEAR_REBIO,2024/2025,3,247,1,4,58,23.481781376518217,0
ENSEADA DO LILI,REBIO,2022/2023,1,122,1,2,1,0.819672131147541,0
ENSEADA DO LILI,REBIO,2024/2025,3,103,1,3,5,4.854368932038835,0
ESTALEIRO 1,SURROUNDINGS,2022/2023,1,160,1,3,0,0,0
ESTALEIRO 1,SURROUNDINGS,2024/2025,3,148,1,3,0,0,0
ESTALEIRO 2,SURROUNDINGS,2022/2023,1,168,1,3,0,0,0
ESTALEIRO 2,SURROUNDINGS,2024/2025,3,140,1,3,0,0,0
FAROL,NEAR_REBIO,2022/2023,1,186,1,6,7,3.763440860215054,0
FAROL,NEAR_REBIO,2023/2024,2,132,1,3,2,1.5151515151515151,0
FAROL,NEAR_REBIO,2024/2025,3,125,1,4,3,2.4,0
ILHA DO CORAL,SURROUNDINGS,2024/2025,3,90,1,2,0,0,0
ILHA DOS LOBOS,SURROUNDINGS,2022/2023,1,100,1,3,0,0,0
ILHA PORTO BELO,SURROUNDINGS,2022/2023,1,178,1,3,0,0,0
ILHA PORTO BELO,SURROUNDINGS,2024/2025,3,130,1,3,0,0,0
IRMA DE FORA,SURROUNDINGS,2024/2025,3,70,1,2,0,0,0
IRMA DO MEIO,SURROUNDINGS,2024/2025,3,98,1,2,0,0,0
LAGOINHA DO NORTE,SURROUNDINGS,2023/2024,2,61,1,1,0,0,0
LETREIRO,REBIO,2022/2023,1,120,1,2,0,0,0
LETREIRO,REBIO,2023/2024,2,206,2,4,0,0,0
LETREIRO,REBIO,2024/2025,3,63,1,2,1,1.5873015873015872,0
MACUCO,SURROUNDINGS,2022/2023,1,117,1,2,0,0,0
MACUCO,SURROUNDINGS,2024/2025,3,175,1,3,0,0,0
MACUCO SUL,SURROUNDINGS,2024/2025,3,60,1,1,0,0,0
MATA FOME,SURROUNDINGS,2022/2023,1,124,1,5,0,0,0
MATA FOME,SURROUNDINGS,2024/2025,3,234,1,7,0,0,0
MOLEQUES DO SUL,SURROUNDINGS,2024/2025,3,42,1,1,0,0,0
NAUFRAGIO DO LILI,REBIO,2024/2025,3,34,1,2,12,35.294117647058826,0
PEDRA DO ELEFANTE,REBIO,2022/2023,1,56,1,2,4,7.142857142857143,0
PEDRA DO ELEFANTE,REBIO,2024/2025,3,30,1,1,6,20,0
PONTA DAS CANAS,SURROUNDINGS,2023/2024,2,33,1,1,0,0,0
PORTINHO NORTE,REBIO,2022/2023,1,124,1,3,0,0,0
PORTINHO SUL,REBIO,2022/2023,1,157,3,5,0,0,0
RANCHO NORTE,REBIO,2022/2023,1,105,2,3,1,0.9523809523809523,0
RANCHO NORTE,REBIO,2023/2024,2,123,1,3,6,4.878048780487805,60
RANCHO NORTE,REBIO,2024/2025,3,48,1,2,14,29.166666666666668,0
SACO DA MULATA NORTE,REBIO,2022/2023,1,97,1,2,0,0,0
SACO DA MULATA SUL,REBIO,2022/2023,1,40,1,1,0,0,0
SACO DAGUA,REBIO,2022/2023,1,60,1,1,0,0,0
SACO DAGUA,REBIO,2023/2024,2,224,1,3,0,0,0
SACO DAGUA,REBIO,2024/2025,3,116,1,3,0,0,0
SACO DO BATISMO,NEAR_REBIO,2022/2023,1,207,2,6,1,0.4830917874396135,0
SACO DO BATISMO,NEAR_REBIO,2024/2025,3,174,1,3,2,1.1494252873563218,0
SACO DO CAPIM,NEAR_REBIO,2022/2023,1,177,1,5,1,0.5649717514124294,0
SACO DO CAPIM,NEAR_REBIO,2024/2025,3,131,1,3,0,0,0
SAQUINHO DAGUA,REBIO,2023/2024,2,40,1,2,1,2.5,0
SAQUINHO DAGUA,REBIO,2024/2025,3,70,1,3,1,1.4285714285714286,0
SEPULTURA,SURROUNDINGS,2022/2023,1,60,1,1,0,0,0
TAMBORETES NORTE,SURROUNDINGS,2022/2023,1,119,1,4,0,0,0
TAMBORETES SUL,SURROUNDINGS,2022/2023,1,188,1,5,0,0,0
TIPITINGA,SURROUNDINGS,2022/2023,1,88,1,2,0,0,0
VIDAL,NEAR_REBIO,2022/2023,1,138,1,4,6,4.3478260869565215,0
VIDAL,NEAR_REBIO,2023/2024,2,65,1,2,7,10.76923076923077,0
VIDAL,NEAR_REBIO,2024/2025,3,120,1,3,3,2.5,0
XAVIER,SURROUNDINGS,2023/2024,2,185,1,5,0,0,0
XAVIER,SURROUNDINGS,2024/2025,3,170,2,3,0,0,0
