localidade,region,effort_2022/2023,effort_2024/2025,effort_2023/2024
BAIA DAS TARTARUGAS,NEAR_REBIO,90,138,0
ENGENHO,NEAR_REBIO,30,247,87
FAROL,NEAR_REBIO,186,125,132
SACO DO BATISMO,NEAR_REBIO,207,174,0
SACO DO CAPIM,NEAR_REBIO,177,131,0
VIDAL,NEAR_REBIO,138,120,65
COSTA DO ELEFANTE,REBIO,130,0,0
COSTAO DO SACO DAGUA,REBIO,50,99,160
DESERTA NORTE,REBIO,98,145,0
DESERTA SUL,REBIO,69,119,0
ENSEADA DO LILI,REBIO,122,103,0
LETREIRO,REBIO,120,63,206
NAUFRAGIO DO LILI,REBIO,0,34,0
PEDRA DO ELEFANTE,REBIO,56,30,0
PORTINHO NORTE,REBIO,124,0,0
PORTINHO SUL,REBIO,157,0,0
RANCHO NORTE,REBIO,105,48,123
SACO DA MULATA NORTE,REBIO,97,0,0
SACO DA MULATA SUL,REBIO,40,0,0
SACO DAGUA,REBIO,60,116,224
SAQUINHO DAGUA,REBIO,0,70,40
ARANHAS LESTE,SURROUNDINGS,110,0,0
ARANHAS OESTE,SURROUNDINGS,133,0,0
CAMPECHE NORTE,SURROUNDINGS,0,120,0
CAMPECHE SUL,SURROUNDINGS,0,0,259
ESTALEIRO 1,SURROUNDINGS,160,148,0
ESTALEIRO 2,SURROUNDINGS,168,140,0
ILHA DO CORAL,SURROUNDINGS,0,90,0
ILHA DOS LOBOS,SURROUNDINGS,100,0,0
ILHA PORTO BELO,SURROUNDINGS,178,130,0
IRMA DE FORA,SURROUNDINGS,0,70,0
IRMA DO MEIO,SURROUNDINGS,0,98,0
LAGOINHA DO NORTE,SURROUNDINGS,0,0,61
MACUCO,SURROUNDINGS,117,175,0
MACUCO SUL,SURROUNDINGS,0,60,0
MATA FOME,SURROUNDINGS,124,234,0
MOLEQUES DO SUL,SURROUNDINGS,0,42,0
PONTA DAS CANAS,SURROUNDINGS,0,0,33
SEPULTURA,SURROUNDINGS,60,0,0
TAMBORETES NORTE,SURROUNDINGS,119,0,0
TAMBORETES SUL,SURROUNDINGS,188,0,0
TIPITINGA,SURROUNDINGS,88,0,0
XAVIER,SURROUNDINGS,0,170,185
