localidade,region,faixa_bat_depth,effort_minutes,effort_hours,n_positive,detection_frequency,positive
ENGENHO,NEAR_REBIO,0-2m,94,1.5666666666666667,14,0.14893617021276595,TRUE
DESERTA SUL,REBIO,0-2m,30,0.5,2,0.06666666666666667,TRUE
SACO DO BATISMO,NEAR_REBIO,0-2m,60,1,2,0.03333333333333333,TRUE
BAIA DAS TARTARUGAS,NEAR_REBIO,0-2m,33,0.55,0,0,FALSE
CAMPECHE NORTE,SURROUNDINGS,0-2m,60,1,0,0,FALSE
DESERTA NORTE,REBIO,0-2m,30,0.5,0,0,FALSE
FAROL,NEAR_REBIO,0-2m,33,0.55,0,0,FALSE
MATA FOME,SURROUNDINGS,0-2m,83,1.3833333333333333,0,0,FALSE
SACO DO CAPIM,NEAR_REBIO,0-2m,31,0.5166666666666667,0,0,FALSE
VIDAL,NEAR_REBIO,0-2m,44,0.7333333333333333,0,0,FALSE
ENGENHO,NEAR_REBIO,2.1-8m,153,2.55,44,0.2875816993464052,TRUE
BAIA DAS TARTARUGAS,NEAR_REBIO,2.1-8m,105,1.75,1,0.009523809523809525,TRUE
DESERTA NORTE,REBIO,2.1-8m,60,1,1,0.016666666666666666,TRUE
FAROL,NEAR_REBIO,2.1-8m,30,0.5,1,0.03333333333333333,TRUE
VIDAL,NEAR_REBIO,2.1-8m,30,0.5,1,0.03333333333333333,TRUE
CAMPECHE NORTE,SURROUNDINGS,2.1-8m,60,1,0,0,FALSE
ENSEADA DO LILI,REBIO,2.1-8m,34,0.5666666666666667,0,0,FALSE
ILHA DO CORAL,SURROUNDINGS,2.1-8m,35,0.5833333333333334,0,0,FALSE
IRMA DO MEIO,SURROUNDINGS,2.1-8m,98,1.6333333333333333,0,0,FALSE
MATA FOME,SURROUNDINGS,2.1-8m,36,0.6,0,0,FALSE
SACO DO BATISMO,NEAR_REBIO,2.1-8m,114,1.9,0,0,FALSE
SACO DO CAPIM,NEAR_REBIO,2.1-8m,46,0.7666666666666667,0,0,FALSE
NAUFRAGIO DO LILI,REBIO,8.1-14m,34,0.5666666666666667,12,0.35294117647058826,TRUE
ENSEADA DO LILI,REBIO,8.1-14m,69,1.15,5,0.07246376811594203,TRUE
DESERTA SUL,REBIO,8.1-14m,47,0.7833333333333333,4,0.0851063829787234,TRUE
FAROL,NEAR_REBIO,8.1-14m,62,1.0333333333333334,2,0.03225806451612903,TRUE
VIDAL,NEAR_REBIO,8.1-14m,46,0.7666666666666667,2,0.043478260869565216,TRUE
DESERTA NORTE,REBIO,8.1-14m,55,0.9166666666666666,0,0,FALSE
ILHA DO CORAL,SURROUNDINGS,8.1-14m,55,0.9166666666666666,0,0,FALSE
IRMA DE FORA,SURROUNDINGS,8.1-14m,70,1.1666666666666667,0,0,FALSE
MATA FOME,SURROUNDINGS,8.1-14m,115,1.9166666666666667,0,0,FALSE
MOLEQUES DO SUL,SURROUNDINGS,8.1-14m,42,0.7,0,0,FALSE
SACO DO CAPIM,NEAR_REBIO,8.1-14m,54,0.9,0,0,FALSE
DESERTA SUL,REBIO,14.1m+,42,0.7,1,0.023809523809523808,TRUE
