monitoring_cycle,cycle_index,calendar_year,calendar_month,n_locality_dates
2022/2023,1,2022,6,1
2022/2023,1,2022,9,2
2022/2023,1,2022,10,2
2022/2023,1,2022,11,1
2022/2023,1,2022,12,2
2022/2023,1,2023,1,7
2022/2023,1,2023,2,5
2022/2023,1,2023,3,8
2022/2023,1,2023,4,2
2022/2023,1,2023,5,5
2023/2024,2,2023,8,1
2023/2024,2,2023,12,1
2023/2024,2,2024,1,3
2023/2024,2,2024,2,5
2023/2024,2,2024,5,3
2024/2025,3,2024,10,7
2024/2025,3,2024,11,2
2024/2025,3,2024,12,4
2024/2025,3,2025,1,8
2024/2025,3,2025,2,4
2024/2025,3,2025,3,3
2024/2025,3,2025,4,1
