localidade,year,raw_minutes,raw_positive,metric_minutes,difference_minutes
RANCHO NORTE,2024,171,20,111,60
ENGENHO,2012,10,9,0,10
NAUFRAGIO DO LILI,2015,4,1,0,4
RANCHO NORTE,2014,4,4,0,4
VIDAL,2014,2,2,0,2
DESERTA NORTE,2022,1,1,0,1
FAROL,2013,1,1,0,1
PEDRA DO ELEFANTE,2022,57,5,56,1
SACO DAGUA,2020,1,1,0,1
SACO DO BATISMO,2021,1,1,0,1
SACO DO CAPIM,2019,1,1,0,1
ARANHAS LESTE,2023,110,0,110,0
ARANHAS OESTE,2023,133,0,133,0
BAIA DAS TARTARUGAS,2022,90,1,90,0
BAIA DAS TARTARUGAS,2025,138,1,138,0
CAMPECHE NORTE,2025,120,0,120,0
CAMPECHE SUL,2024,259,0,259,0
COSTA DO ELEFANTE,2023,130,0,130,0
COSTAO DO SACO DAGUA,2022,50,0,50,0
COSTAO DO SACO DAGUA,2024,259,6,259,0
DESERTA NORTE,2023,98,0,98,0
DESERTA NORTE,2025,145,1,145,0
DESERTA SUL,2023,69,1,69,0
DESERTA SUL,2025,119,7,119,0
ENGENHO,2022,30,1,30,0
ENGENHO,2023,87,13,87,0
ENGENHO,2025,247,58,247,0
ENSEADA DO LILI,2023,122,1,122,0
ENSEADA DO LILI,2025,103,5,103,0
ESTALEIRO 1,2023,160,0,160,0
ESTALEIRO 1,2024,148,0,148,0
ESTALEIRO 2,2023,168,0,168,0
ESTALEIRO 2,2024,140,0,140,0
FAROL,2023,186,7,186,0
FAROL,2024,132,2,132,0
FAROL,2025,125,3,125,0
ILHA DO CORAL,2025,90,0,90,0
ILHA DOS LOBOS,2023,100,0,100,0
ILHA PORTO BELO,2023,178,0,178,0
ILHA PORTO BELO,2024,130,0,130,0
IRMA DE FORA,2025,70,0,70,0
IRMA DO MEIO,2025,98,0,98,0
LAGOINHA DO NORTE,2024,61,0,61,0
LETREIRO,2022,120,0,120,0
LETREIRO,2023,50,0,50,0
LETREIRO,2024,219,1,219,0
MACUCO,2023,117,0,117,0
MACUCO,2024,175,0,175,0
MACUCO SUL,2024,60,0,60,0
MATA FOME,2023,124,0,124,0
MATA FOME,2025,234,0,234,0
MOLEQUES DO SUL,2025,42,0,42,0
NAUFRAGIO DO LILI,2025,34,12,34,0
PEDRA DO ELEFANTE,2024,30,6,30,0
PONTA DAS CANAS,2024,33,0,33,0
PORTINHO NORTE,2023,124,0,124,0
PORTINHO SUL,2023,157,0,157,0
RANCHO NORTE,2022,60,1,60,0
RANCHO NORTE,2023,45,0,45,0
SACO DA MULATA NORTE,2023,97,0,97,0
SACO DA MULATA SUL,2023,40,0,40,0
SACO DAGUA,2022,60,0,60,0
SACO DAGUA,2024,340,0,340,0
SACO DO BATISMO,2022,82,0,82,0
SACO DO BATISMO,2023,125,1,125,0
SACO DO BATISMO,2025,174,2,174,0
SACO DO CAPIM,2023,177,1,177,0
SACO DO CAPIM,2025,131,0,131,0
SAQUINHO DAGUA,2024,110,2,110,0
SEPULTURA,2023,60,0,60,0
TAMBORETES NORTE,2023,119,0,119,0
TAMBORETES SUL,2023,188,0,188,0
TIPITINGA,2023,88,0,88,0
VIDAL,2023,138,6,138,0
VIDAL,2024,65,7,65,0
VIDAL,2025,120,3,120,0
XAVIER,2024,355,0,355,0
