localidade,region,monitoring_cycle,effort_minutes,dpue,dpue_lower,dpue_upper,rai_w,raiw_lower,raiw_upper,detection_frequency,mean_raiw_weight
COSTAO DO SACO DAGUA,REBIO,2022/2023,30,0,0,0,0,0,0,0,0
COSTAO DO SACO DAGUA,REBIO,2023/2024,30,0,0,0.9218012919045105,0,0,0.8296211627140595,0,0
COSTAO DO SACO DAGUA,REBIO,2024/2025,30,0.4609006459522553,0,0.9218012919045105,0.36872051676180423,0,0.7374410335236085,0.03333333333333333,0.02666666666666667
ENGENHO,NEAR_REBIO,2022/2023,30,0.4642159161068996,0.4642159161068996,0.4642159161068996,0.04642159161068996,0.04642159161068996,0.04642159161068996,0.03333333333333333,0.0033333333333333335
ENGENHO,NEAR_REBIO,2023/2024,30,1.8568636644275984,0.4642159161068996,3.713727328855197,1.0584122887237313,0.32471903331677626,1.9965926551757747,0.13333333333333333,0.076
ENGENHO,NEAR_REBIO,2024/2025,30,3.2495114127482974,1.392647748320699,5.106375077175896,1.392647748320699,0.3620884145633817,2.6367464034871895,0.23333333333333334,0.1
FAROL,NEAR_REBIO,2022/2023,30,0.35643825509216603,0,1.069314765276498,0.028515060407373283,0,0.5845587383511524,0.03333333333333333,0.0026666666666666666
FAROL,NEAR_REBIO,2023/2024,30,0,0,0.7128765101843321,0,0,0.22812048325898626,0,0
FAROL,NEAR_REBIO,2024/2025,30,0.35643825509216603,0,0.7128765101843321,0.0356438255092166,0,0.0712876510184332,0.03333333333333333,0.0033333333333333335
LETREIRO,REBIO,2022/2023,30,0,0,0,0,0,0,0,0
LETREIRO,REBIO,2023/2024,30,0,0,0,0,0,0,0,0
LETREIRO,REBIO,2024/2025,30,0,0,0.42406213358381273,0,0,0.01696248534335251,0,0
RANCHO NORTE,REBIO,2022/2023,30,0,0,0.2847360141229063,0,0,0.011389440564916252,0,0
RANCHO NORTE,REBIO,2023/2024,30,0.2847360141229063,0,1.1389440564916251,0.011389440564916252,0,0.19362048960357628,0.03333333333333333,0.0013333333333333333
RANCHO NORTE,REBIO,2024/2025,30,2.5626241271061567,1.708416084737438,3.416832169474876,0.9282394060406746,0.449882902314192,1.3517842270484959,0.3,0.10866666666666668
SACO DAGUA,REBIO,2022/2023,30,0,0,0,0,0,0,0,0
SACO DAGUA,REBIO,2023/2024,30,0,0,0,0,0,0,0,0
SACO DAGUA,REBIO,2024/2025,30,0,0,0,0,0,0,0,0
VIDAL,NEAR_REBIO,2022/2023,30,0.510296507785849,0,1.530889523357547,0.3061779046715094,0,0.7654447616787735,0.03333333333333333,0.02
VIDAL,NEAR_REBIO,2023/2024,30,1.530889523357547,0.510296507785849,3.061779046715094,0.44906092685154714,0.02041186031143396,1.061416736194566,0.1,0.029333333333333336
VIDAL,NEAR_REBIO,2024/2025,30,0.510296507785849,0,1.020593015571698,0.02041186031143396,0,0.6123558093430188,0.03333333333333333,0.0013333333333333333
