analysis,category,detection_metric,detection_lower,detection_upper,abundance_metric,abundance_lower,abundance_upper
Temporal,2022/2023,0.21907581162619966,0.0663165594438428,0.41579456457818026,0.05532412668533142,0.00663165594438428,0.161373849642838
Temporal,2023/2024,0.6484605663980095,0.35116704868276755,0.9539297675974182,0.25982078614735016,0.11315494906215405,0.4469061967700969
Temporal,2024/2025,1.0076480820689555,0.6672267218190202,1.369345957753682,0.3896438105338653,0.2066709986048553,0.5932493581630676
Spatial,NEAR_REBIO,0.049019607843137254,0.029411764705882353,0.0784313725490196,0.01911764705882353,0.007647058823529412,0.03431617647058824
Spatial,REBIO,0.11764705882352941,0.09558823529411765,0.13970588235294118,0.011176470588235295,0.009117647058823529,0.016323529411764705
Spatial,SURROUNDINGS,0,0,0,0,0,0
Bathymetric,0-2m,0,0,0,0,0,0
Bathymetric,2.1-8m,0.016666666666666666,0.013333333333333332,0.02,0.0048000000000000004,0.004666666666666667,0.004933333333333334
Bathymetric,8.1-14m,0.013333333333333332,0,0.026666666666666665,0.004266666666666667,0,0.0056
