localidade,region,effort_minutes,effort_hours,n_positive,positive_percentage,n_sampling_dates
ENGENHO,ADJACENT_REBIO,247,4.116666666666666,58,23.481781376518217,1
FAROL,ADJACENT_REBIO,125,2.0833333333333335,3,2.4,1
VIDAL,ADJACENT_REBIO,120,2,3,2.5,1
SACO DO BATISMO,ADJACENT_REBIO,174,2.9,2,1.1494252873563218,1
BAIA DAS TARTARUGAS,ADJACENT_REBIO,138,2.3,1,0.7246376811594203,1
SACO DO CAPIM,ADJACENT_REBIO,131,2.183333333333333,0,0,1
NAUFRAGIO DO LILI,REBIO,34,0.5666666666666667,12,35.294117647058826,1
DESERTA SUL,REBIO,119,1.9833333333333334,7,5.882352941176471,1
ENSEADA DO LILI,REBIO,103,1.7166666666666666,5,4.854368932038835,1
DESERTA NORTE,REBIO,145,2.4166666666666665,1,0.6896551724137931,1
CAMPECHE NORTE,SURROUNDINGS,120,2,0,0,1
ILHA DO CORAL,SURROUNDINGS,90,1.5,0,0,1
IRMA DE FORA,SURROUNDINGS,70,1.1666666666666667,0,0,1
IRMA DO MEIO,SURROUNDINGS,98,1.6333333333333333,0,0,1
MATA FOME,SURROUNDINGS,234,3.9,0,0,1
MOLEQUES DO SUL,SURROUNDINGS,42,0.7,0,0,1
