localidade,region,detection_frequency,detection_frequency_lower,detection_frequency_upper,mean_raiw_weight,raiw_weight_lower,raiw_weight_upper,detection_probability
ENGENHO,NEAR_REBIO,0.23529411764705882,0.11764705882352941,0.38235294117647056,0.09764705882352942,0.028823529411764706,0.18177941176470586,1
FAROL,NEAR_REBIO,0.029411764705882353,0,0.058823529411764705,0.0029411764705882353,0,0.0058823529411764705,0.613
VIDAL,NEAR_REBIO,0.029411764705882353,0,0.058823529411764705,0.01764705882352941,0,0.03529411764705882,0.635
BAIA DAS TARTARUGAS,NEAR_REBIO,0,0,0.029411764705882353,0,0,0.01764705882352941,0.26
SACO DO BATISMO,NEAR_REBIO,0,0,0.058823529411764705,0,0,0.0058823529411764705,0.372
SACO DO CAPIM,NEAR_REBIO,0,0,0,0,0,0,0
NAUFRAGIO DO LILI,REBIO,0.35294117647058826,0.35294117647058826,0.35294117647058826,0.03529411764705882,0.03529411764705882,0.03529411764705882,1
DESERTA SUL,REBIO,0.058823529411764705,0,0.11764705882352941,0.00411764705882353,0,0.02354411764705881,0.9
ENSEADA DO LILI,REBIO,0.058823529411764705,0,0.11764705882352941,0.00411764705882353,0,0.01,0.879
DESERTA NORTE,REBIO,0,0,0.029411764705882353,0,0,0.0011764705882352942,0.239
CAMPECHE NORTE,SURROUNDINGS,0,0,0,0,0,0,0
ILHA DO CORAL,SURROUNDINGS,0,0,0,0,0,0,0
IRMA DE FORA,SURROUNDINGS,0,0,0,0,0,0,0
IRMA DO MEIO,SURROUNDINGS,0,0,0,0,0,0,0
MATA FOME,SURROUNDINGS,0,0,0,0,0,0,0
MOLEQUES DO SUL,SURROUNDINGS,0,0,0,0,0,0,0
