locality,region,shoreline_extent_m,shoreline_units_100m
BAIA DAS TARTARUGAS,NEAR_REBIO,470.878,4.70878
ENGENHO,NEAR_REBIO,430.834,4.30834
FAROL,NEAR_REBIO,561.107,5.61107
SACO DO BATISMO,NEAR_REBIO,413.894,4.13894
SACO DO CAPIM,NEAR_REBIO,539.427,5.394270000000001
VIDAL,NEAR_REBIO,391.929,3.9192899999999997
COSTA DO ELEFANTE,REBIO,667.941,6.679410000000001
COSTAO DO SACO DAGUA,REBIO,433.933,4.33933
DESERTA NORTE,REBIO,529.261,5.29261
DESERTA SUL,REBIO,430.746,4.30746
ENSEADA DO LILI,REBIO,634.057,6.3405700000000005
LETREIRO,REBIO,471.629,4.71629
NAUFRAGIO DO LILI,REBIO,93.052,0.93052
PEDRA DO ELEFANTE,REBIO,265.827,2.65827
PORTINHO NORTE,REBIO,422.674,4.2267399999999995
PORTINHO SUL,REBIO,401.159,4.01159
RANCHO NORTE,REBIO,702.405,7.02405
SACO DA MULATA NORTE,REBIO,407.004,4.0700400000000005
SACO DA MULATA SUL,REBIO,554.63,5.5463
SACO DAGUA,REBIO,558.439,5.58439
SAQUINHO DAGUA,REBIO,289.082,2.8908199999999997
ARANHAS LESTE,SURROUNDINGS,479.368,4.79368
ARANHAS OESTE,SURROUNDINGS,493.065,4.93065
CAMPECHE NORTE,SURROUNDINGS,544.656,5.44656
CAMPECHE SUL,SURROUNDINGS,682.266,6.82266
ESTALEIRO 1,SURROUNDINGS,801.763,8.01763
ESTALEIRO 2,SURROUNDINGS,662.461,6.6246100000000006
ILHA DO CORAL,SURROUNDINGS,554.886,5.5488599999999995
ILHA DOS LOBOS,SURROUNDINGS,850.642,8.50642
ILHA PORTO BELO,SURROUNDINGS,480.381,4.8038099999999995
IRMA DE FORA,SURROUNDINGS,373.717,3.73717
IRMA DO MEIO,SURROUNDINGS,543.214,5.43214
LAGOINHA DO NORTE,SURROUNDINGS,1022.968,10.22968
MACUCO,SURROUNDINGS,955.613,9.556130000000001
MACUCO SUL,SURROUNDINGS,673.9,6.739
MATA FOME,SURROUNDINGS,409.243,4.09243
MOLEQUES DO SUL,SURROUNDINGS,309.525,3.0952499999999996
PONTA DAS CANAS,SURROUNDINGS,663.035,6.63035
SEPULTURA,SURROUNDINGS,478.633,4.7863299999999995
TAMBORETES NORTE,SURROUNDINGS,814.655,8.14655
TAMBORETES SUL,SURROUNDINGS,942.781,9.42781
TIPITINGA,SURROUNDINGS,503.018,5.03018
XAVIER,SURROUNDINGS,652.198,6.52198
