localidade,region,n_years_sampled,total_effort_minutes,total_effort_hours,positive_one_minute_records,weighted_dafor_sum,shoreline_extent_m,shoreline_units_100m,pooled_dpue,pooled_raiw
NAUFRAGIO DO LILI,REBIO,1,34,0.5666666666666667,12,1.2000000000000002,93.052,0.93052,22.757673761160742,2.2757673761160744
ENGENHO,NEAR_REBIO,3,364,6.066666666666666,72,31.26,430.834,4.30834,2.7546878538211623,1.1959936432006881
PEDRA DO ELEFANTE,REBIO,2,86,1.4333333333333333,10,2.78,265.827,2.65827,2.6245430998531045,0.729622981759163
VIDAL,NEAR_REBIO,3,323,5.383333333333333,16,5.58,391.929,3.9192899999999997,0.7583353676074538,0.2644694594530995
RANCHO NORTE,REBIO,3,276,4.6,21,6.18,702.405,7.02405,0.6499409018022863,0.19126832253038709
DESERTA SUL,REBIO,2,188,3.1333333333333333,8,1.06,430.746,4.30746,0.5927371326400482,0.0785376700748064
SAQUINHO DAGUA,REBIO,1,110,1.8333333333333333,2,0.08,289.082,2.8908199999999997,0.3773701202112518,0.015094804808450074
FAROL,NEAR_REBIO,3,443,7.383333333333334,12,3.86,561.107,5.61107,0.2896563698265909,0.09317279896088673
COSTAO DO SACO DAGUA,REBIO,2,309,5.1499999999999995,6,3.54,433.933,4.33933,0.26848581317607106,0.15840662977388192
ENSEADA DO LILI,REBIO,2,225,3.75,6,0.48,634.057,6.3405700000000005,0.2523432435885102,0.02018745948708081
SACO DO BATISMO,NEAR_REBIO,3,381,6.35,3,0.24000000000000002,413.894,4.13894,0.1141453958940912,0.009131631671527297
BAIA DAS TARTARUGAS,NEAR_REBIO,2,228,3.8,2,0.64,470.878,4.70878,0.111773280865465,0.0357674498769488
DESERTA NORTE,REBIO,2,243,4.05,1,0.04,529.261,5.29261,0.046652517424656946,0.0018661006969862778
SACO DO CAPIM,NEAR_REBIO,2,308,5.133333333333333,1,0.04,539.427,5.394270000000001,0.03611335635872784,0.0014445342543491135
LETREIRO,REBIO,3,389,6.483333333333333,1,0.04,471.629,4.71629,0.032704020584869875,0.001308160823394795
