localidade,region,monitoring_cycle,effort_minutes
COSTAO DO SACO DAGUA,REBIO,2022/2023,50
COSTAO DO SACO DAGUA,REBIO,2023/2024,160
COSTAO DO SACO DAGUA,REBIO,2024/2025,99
ENGENHO,ADJACENT_REBIO,2022/2023,30
ENGENHO,ADJACENT_REBIO,2023/2024,87
ENGENHO,ADJACENT_REBIO,2024/2025,247
FAROL,ADJACENT_REBIO,2022/2023,186
FAROL,ADJACENT_REBIO,2023/2024,132
FAROL,ADJACENT_REBIO,2024/2025,125
LETREIRO,REBIO,2022/2023,120
LETREIRO,REBIO,2023/2024,206
LETREIRO,REBIO,2024/2025,63
RANCHO NORTE,REBIO,2022/2023,105
RANCHO NORTE,REBIO,2023/2024,123
RANCHO NORTE,REBIO,2024/2025,48
SACO DAGUA,REBIO,2022/2023,60
SACO DAGUA,REBIO,2023/2024,224
SACO DAGUA,REBIO,2024/2025,116
VIDAL,ADJACENT_REBIO,2022/2023,138
VIDAL,ADJACENT_REBIO,2023/2024,65
VIDAL,ADJACENT_REBIO,2024/2025,120
